"Reference","Qty","Value","DNP","Exclude from BOM","Exclude from Board","Footprint","Datasheet"
"C1,C3","2","0.1 uf","","","","Resistor_SMD:R_0805_2012Metric_Pad1.20x1.40mm_HandSolder","~"
"C2","1","1 uf","","","","Resistor_SMD:R_0805_2012Metric_Pad1.20x1.40mm_HandSolder","~"
"J1,J3","2","MTSW-106-08-L-D-300","","","","footprints:SAMTEC_MTSW-106-X-X-D-X",""
"J2,J4","2","MTSW-107-08-L-D-300","","","","footprints:SAMTEC_MTSW-107-08-L-D-300",""
"J5","1","QSH-030-01-X-D-A-XX","","","","footprints:SAMTEC_QSH-030-01-X-D-A-XX",""
"J6,J7","2","M80-5301042","","","","footprints:HARWIN_M80-5301042",""
"R1","1","10K","","","","Resistor_SMD:R_0805_2012Metric_Pad1.20x1.40mm_HandSolder","~"
"R2","1","2K","","","","Resistor_SMD:R_0805_2012Metric_Pad1.20x1.40mm_HandSolder","~"
"R3,R4,R5,R6,R7","5","0 ohm","","","","Resistor_SMD:R_0805_2012Metric_Pad1.20x1.40mm_HandSolder","~"
"R8,R9,R10,R11,R12,R13,R14","7","4.7K","","","","Resistor_SMD:R_0805_2012Metric_Pad1.20x1.40mm_HandSolder","~"
"S1","1","M80-4611042","","","Excluded from board","",""
"U1","1","ADS7828","","","","Package_SO:TSSOP-16_4.4x5mm_P0.65mm","http://www.ti.com/lit/ds/symlink/ads7828.pdf"
"U2","1","SN74CBTLV1G125","","","","footprints:SOT95P280X145-5N",""
"U3","1","SN74LVC1G04DBVR","","","","footprints:SOT95P280X145-5N",""
